{
  "_note1": "KEEP THIS FILE! Check it into a version control system (VCS) like git.",
  "_note2": "ObjectBox manages crucial IDs for your object model. See docs for details.",
  "_note3": "If you have VCS merge conflicts, you must resolve them according to ObjectBox docs.",
  "entities": [
    {
      "id": "1:4822398465634309740",
      "lastPropertyId": "14:1725407498194359687",
      "name": "Item",
      "properties": [
        {
          "id": "1:1943109653131199843",
          "name": "id",
          "type": 6,
          "flags": 1
        },
        {
          "id": "2:4555199717921858688",
          "name": "itemName",
          "type": 9
        },
        {
          "id": "3:9206127673864847411",
          "name": "quantity",
          "type": 9
        },
        {
          "id": "4:2851189830841669608",
          "name": "mrp",
          "type": 9
        },
        {
          "id": "5:3522839075026152259",
          "name": "salePrice",
          "type": 9
        },
        {
          "id": "6:4618821172610158742",
          "name": "fullUnit",
          "type": 9
        },
        {
          "id": "7:2188044154217595084",
          "name": "shortUnit",
          "type": 9
        },
        {
          "id": "8:3522578223311206109",
          "name": "hsn",
          "type": 9
        },
        {
          "id": "9:4543509230824641409",
          "name": "tax1",
          "type": 9
        },
        {
          "id": "10:6698678539116934257",
          "name": "rate1",
          "type": 9
        },
        {
          "id": "11:607872277086840769",
          "name": "tax2",
          "type": 9
        },
        {
          "id": "12:6746747464927157925",
          "name": "rate2",
          "type": 9
        },
        {
          "id": "13:432196019102149592",
          "name": "createdAt",
          "type": 10
        },
        {
          "id": "14:1725407498194359687",
          "name": "updatedAt",
          "type": 10
        }
      ],
      "relations": []
    }
  ],
  "lastEntityId": "1:4822398465634309740",
  "lastIndexId": "0:0",
  "lastRelationId": "0:0",
  "lastSequenceId": "0:0",
  "modelVersion": 5,
  "modelVersionParserMinimum": 5,
  "retiredEntityUids": [],
  "retiredIndexUids": [],
  "retiredPropertyUids": [],
  "retiredRelationUids": [],
  "version": 1
}